[{"model": "admin.logentry", "pk": 1, "fields": {"action_time": "2022-03-05T04:50:38.375Z", "user": 1, "content_type": 6, "object_id": "1", "object_repr": "Shirts", "action_flag": 1, "change_message": "[{\"added\": {}}]"}}, {"model": "admin.logentry", "pk": 2, "fields": {"action_time": "2022-03-05T04:59:12.594Z", "user": 1, "content_type": 6, "object_id": "2", "object_repr": "T shirt", "action_flag": 1, "change_message": "[{\"added\": {}}]"}}, {"model": "admin.logentry", "pk": 3, "fields": {"action_time": "2022-03-05T04:59:36.780Z", "user": 1, "content_type": 6, "object_id": "3", "object_repr": "Shoes", "action_flag": 1, "change_message": "[{\"added\": {}}]"}}, {"model": "admin.logentry", "pk": 4, "fields": {"action_time": "2022-03-05T05:00:15.447Z", "user": 1, "content_type": 6, "object_id": "4", "object_repr": "Jeans", "action_flag": 1, "change_message": "[{\"added\": {}}]"}}, {"model": "admin.logentry", "pk": 5, "fields": {"action_time": "2022-03-05T05:00:38.439Z", "user": 1, "content_type": 6, "object_id": "5", "object_repr": "Jackets", "action_flag": 1, "change_message": "[{\"added\": {}}]"}}, {"model": "admin.logentry", "pk": 6, "fields": {"action_time": "2022-03-05T09:19:00.497Z", "user": 1, "content_type": 8, "object_id": "1", "object_repr": "ATX-Jeans", "action_flag": 1, "change_message": "[{\"added\": {}}]"}}, {"model": "admin.logentry", "pk": 7, "fields": {"action_time": "2022-03-05T09:19:53.953Z", "user": 1, "content_type": 8, "object_id": "2", "object_repr": "Blue-Shirt", "action_flag": 1, "change_message": "[{\"added\": {}}]"}}, {"model": "admin.logentry", "pk": 8, "fields": {"action_time": "2022-03-05T09:20:29.535Z", "user": 1, "content_type": 8, "object_id": "3", "object_repr": "Great- shirt", "action_flag": 1, "change_message": "[{\"added\": {}}]"}}, {"model": "admin.logentry", "pk": 9, "fields": {"action_time": "2022-03-05T09:21:30.636Z", "user": 1, "content_type": 8, "object_id": "4", "object_repr": "Jordan Basketball Shoes", "action_flag": 1, "change_message": "[{\"added\": {}}]"}}, {"model": "admin.logentry", "pk": 10, "fields": {"action_time": "2022-03-05T09:22:09.413Z", "user": 1, "content_type": 8, "object_id": "5", "object_repr": "Mavi Jeans", "action_flag": 1, "change_message": "[{\"added\": {}}]"}}, {"model": "admin.logentry", "pk": 11, "fields": {"action_time": "2022-03-05T09:22:46.282Z", "user": 1, "content_type": 8, "object_id": "6", "object_repr": "Puma Ferrari Shoes", "action_flag": 1, "change_message": "[{\"added\": {}}]"}}, {"model": "admin.logentry", "pk": 12, "fields": {"action_time": "2022-03-05T09:23:29.840Z", "user": 1, "content_type": 8, "object_id": "7", "object_repr": "US Polo Assn Jacket", "action_flag": 1, "change_message": "[{\"added\": {}}]"}}, {"model": "admin.logentry", "pk": 13, "fields": {"action_time": "2022-03-05T09:24:01.072Z", "user": 1, "content_type": 8, "object_id": "8", "object_repr": "Wrangler Shirt", "action_flag": 1, "change_message": "[{\"added\": {}}]"}}, {"model": "admin.logentry", "pk": 14, "fields": {"action_time": "2022-03-05T10:43:40.375Z", "user": 1, "content_type": 8, "object_id": "3", "object_repr": "Great Tshirt", "action_flag": 2, "change_message": "[{\"changed\": {\"fields\": [\"Product name\"]}}]"}}, {"model": "admin.logentry", "pk": 15, "fields": {"action_time": "2022-03-05T11:01:33.934Z", "user": 1, "content_type": 8, "object_id": "1", "object_repr": "ATX-Jeans", "action_flag": 2, "change_message": "[{\"changed\": {\"fields\": [\"Stock\"]}}]"}}, {"model": "admin.logentry", "pk": 16, "fields": {"action_time": "2022-03-06T08:54:04.281Z", "user": 1, "content_type": 11, "object_id": "1", "object_repr": "Variation object (1)", "action_flag": 1, "change_message": "[{\"added\": {}}]"}}, {"model": "admin.logentry", "pk": 17, "fields": {"action_time": "2022-03-06T08:59:52.183Z", "user": 1, "content_type": 11, "object_id": "1", "object_repr": "Variation object (1)", "action_flag": 3, "change_message": ""}}, {"model": "admin.logentry", "pk": 18, "fields": {"action_time": "2022-03-06T09:00:03.801Z", "user": 1, "content_type": 11, "object_id": "2", "object_repr": "Variation object (2)", "action_flag": 1, "change_message": "[{\"added\": {}}]"}}, {"model": "admin.logentry", "pk": 19, "fields": {"action_time": "2022-03-06T09:00:14.872Z", "user": 1, "content_type": 11, "object_id": "3", "object_repr": "Variation object (3)", "action_flag": 1, "change_message": "[{\"added\": {}}]"}}, {"model": "admin.logentry", "pk": 20, "fields": {"action_time": "2022-03-06T09:00:23.957Z", "user": 1, "content_type": 11, "object_id": "4", "object_repr": "Variation object (4)", "action_flag": 1, "change_message": "[{\"added\": {}}]"}}, {"model": "admin.logentry", "pk": 21, "fields": {"action_time": "2022-03-06T09:11:34.352Z", "user": 1, "content_type": 11, "object_id": "5", "object_repr": "Variation object (5)", "action_flag": 1, "change_message": "[{\"added\": {}}]"}}, {"model": "admin.logentry", "pk": 22, "fields": {"action_time": "2022-03-06T09:13:40.682Z", "user": 1, "content_type": 11, "object_id": "6", "object_repr": "Variation object (6)", "action_flag": 1, "change_message": "[{\"added\": {}}]"}}, {"model": "admin.logentry", "pk": 23, "fields": {"action_time": "2022-03-06T09:13:48.146Z", "user": 1, "content_type": 11, "object_id": "7", "object_repr": "Variation object (7)", "action_flag": 1, "change_message": "[{\"added\": {}}]"}}, {"model": "admin.logentry", "pk": 24, "fields": {"action_time": "2022-03-06T09:42:20.702Z", "user": 1, "content_type": 10, "object_id": "14", "object_repr": "CartItem object (14)", "action_flag": 3, "change_message": ""}}, {"model": "admin.logentry", "pk": 25, "fields": {"action_time": "2022-03-07T08:31:40.510Z", "user": 1, "content_type": 10, "object_id": "23", "object_repr": "CartItem object (23)", "action_flag": 3, "change_message": ""}}, {"model": "admin.logentry", "pk": 26, "fields": {"action_time": "2022-03-07T08:31:40.751Z", "user": 1, "content_type": 10, "object_id": "22", "object_repr": "CartItem object (22)", "action_flag": 3, "change_message": ""}}, {"model": "admin.logentry", "pk": 27, "fields": {"action_time": "2022-03-07T08:31:40.939Z", "user": 1, "content_type": 10, "object_id": "21", "object_repr": "CartItem object (21)", "action_flag": 3, "change_message": ""}}, {"model": "admin.logentry", "pk": 28, "fields": {"action_time": "2022-03-07T08:42:08.833Z", "user": 1, "content_type": 10, "object_id": "24", "object_repr": "CartItem object (24)", "action_flag": 3, "change_message": ""}}, {"model": "admin.logentry", "pk": 29, "fields": {"action_time": "2022-03-07T10:02:24.532Z", "user": 1, "content_type": 7, "object_id": "3", "object_repr": "test1@gmail.com", "action_flag": 3, "change_message": ""}}, {"model": "admin.logentry", "pk": 30, "fields": {"action_time": "2022-03-07T10:05:43.481Z", "user": 1, "content_type": 7, "object_id": "4", "object_repr": "test1@gmail.com", "action_flag": 3, "change_message": ""}}, {"model": "admin.logentry", "pk": 31, "fields": {"action_time": "2022-03-07T13:14:06.951Z", "user": 1, "content_type": 7, "object_id": "5", "object_repr": "test1@gmail.com", "action_flag": 3, "change_message": ""}}, {"model": "admin.logentry", "pk": 32, "fields": {"action_time": "2022-03-07T13:14:15.819Z", "user": 1, "content_type": 7, "object_id": "6", "object_repr": "test2@gmail.com", "action_flag": 3, "change_message": ""}}, {"model": "admin.logentry", "pk": 33, "fields": {"action_time": "2022-03-07T13:30:22.135Z", "user": 1, "content_type": 7, "object_id": "8", "object_repr": "test2@gmail.com", "action_flag": 2, "change_message": "[{\"changed\": {\"fields\": [\"Is active\"]}}]"}}, {"model": "admin.logentry", "pk": 34, "fields": {"action_time": "2022-03-07T13:32:12.205Z", "user": 1, "content_type": 7, "object_id": "8", "object_repr": "test2@gmail.com", "action_flag": 2, "change_message": "[{\"changed\": {\"fields\": [\"Is active\"]}}]"}}, {"model": "admin.logentry", "pk": 35, "fields": {"action_time": "2022-03-07T14:13:03.150Z", "user": 1, "content_type": 7, "object_id": "9", "object_repr": "xuanphu0708@gmail.com", "action_flag": 3, "change_message": ""}}, {"model": "admin.logentry", "pk": 36, "fields": {"action_time": "2022-03-07T14:16:47.252Z", "user": 1, "content_type": 7, "object_id": "10", "object_repr": "xuanphu0708@gmail.com", "action_flag": 3, "change_message": ""}}, {"model": "admin.logentry", "pk": 37, "fields": {"action_time": "2022-03-07T14:37:13.248Z", "user": 1, "content_type": 7, "object_id": "11", "object_repr": "xuanphu0708@gmail.com", "action_flag": 3, "change_message": ""}}, {"model": "admin.logentry", "pk": 38, "fields": {"action_time": "2022-03-07T14:43:17.531Z", "user": 1, "content_type": 7, "object_id": "12", "object_repr": "xuanphu0708@gmail.com", "action_flag": 3, "change_message": ""}}, {"model": "admin.logentry", "pk": 39, "fields": {"action_time": "2022-03-08T13:34:28.578Z", "user": 1, "content_type": 10, "object_id": "32", "object_repr": "CartItem object (32)", "action_flag": 3, "change_message": ""}}, {"model": "admin.logentry", "pk": 40, "fields": {"action_time": "2022-03-08T13:34:28.740Z", "user": 1, "content_type": 10, "object_id": "31", "object_repr": "CartItem object (31)", "action_flag": 3, "change_message": ""}}, {"model": "admin.logentry", "pk": 41, "fields": {"action_time": "2022-03-08T13:34:28.828Z", "user": 1, "content_type": 10, "object_id": "30", "object_repr": "CartItem object (30)", "action_flag": 3, "change_message": ""}}, {"model": "admin.logentry", "pk": 42, "fields": {"action_time": "2022-03-08T13:34:28.917Z", "user": 1, "content_type": 10, "object_id": "29", "object_repr": "CartItem object (29)", "action_flag": 3, "change_message": ""}}, {"model": "admin.logentry", "pk": 43, "fields": {"action_time": "2022-03-08T13:34:29.050Z", "user": 1, "content_type": 10, "object_id": "28", "object_repr": "CartItem object (28)", "action_flag": 3, "change_message": ""}}, {"model": "admin.logentry", "pk": 44, "fields": {"action_time": "2022-03-08T13:35:49.116Z", "user": 1, "content_type": 9, "object_id": "5", "object_repr": "rf5aorpd7x3ok78t05ncbolmusxu99id", "action_flag": 3, "change_message": ""}}, {"model": "admin.logentry", "pk": 45, "fields": {"action_time": "2022-03-08T13:35:49.231Z", "user": 1, "content_type": 9, "object_id": "4", "object_repr": "sldnxzfxg6cu6hebzuyccnvm72jng9lq", "action_flag": 3, "change_message": ""}}, {"model": "admin.logentry", "pk": 46, "fields": {"action_time": "2022-03-08T13:35:49.338Z", "user": 1, "content_type": 9, "object_id": "3", "object_repr": "7ezlxmmb79rqfz47m2205frn7jb91pjg", "action_flag": 3, "change_message": ""}}, {"model": "admin.logentry", "pk": 47, "fields": {"action_time": "2022-03-08T13:35:49.449Z", "user": 1, "content_type": 9, "object_id": "2", "object_repr": "byhzdeq0qvq1x1x9q1k1zeqy8pxw9fs5", "action_flag": 3, "change_message": ""}}, {"model": "admin.logentry", "pk": 48, "fields": {"action_time": "2022-03-08T13:35:49.538Z", "user": 1, "content_type": 9, "object_id": "1", "object_repr": "l18ra0e6tw7on8ybymzempfuxhpuspu3", "action_flag": 3, "change_message": ""}}, {"model": "admin.logentry", "pk": 49, "fields": {"action_time": "2022-03-08T13:55:39.290Z", "user": 1, "content_type": 10, "object_id": "37", "object_repr": "CartItem object (37)", "action_flag": 3, "change_message": ""}}, {"model": "admin.logentry", "pk": 50, "fields": {"action_time": "2022-03-08T13:55:39.437Z", "user": 1, "content_type": 10, "object_id": "36", "object_repr": "CartItem object (36)", "action_flag": 3, "change_message": ""}}, {"model": "admin.logentry", "pk": 51, "fields": {"action_time": "2022-03-08T13:55:39.548Z", "user": 1, "content_type": 10, "object_id": "35", "object_repr": "CartItem object (35)", "action_flag": 3, "change_message": ""}}, {"model": "admin.logentry", "pk": 52, "fields": {"action_time": "2022-03-08T13:55:39.659Z", "user": 1, "content_type": 10, "object_id": "34", "object_repr": "CartItem object (34)", "action_flag": 3, "change_message": ""}}, {"model": "admin.logentry", "pk": 53, "fields": {"action_time": "2022-03-08T14:25:15.682Z", "user": 1, "content_type": 10, "object_id": "39", "object_repr": "CartItem object (39)", "action_flag": 3, "change_message": ""}}, {"model": "admin.logentry", "pk": 54, "fields": {"action_time": "2022-03-08T14:25:15.832Z", "user": 1, "content_type": 10, "object_id": "38", "object_repr": "CartItem object (38)", "action_flag": 3, "change_message": ""}}, {"model": "admin.logentry", "pk": 55, "fields": {"action_time": "2022-03-08T14:25:25.449Z", "user": 1, "content_type": 9, "object_id": "9", "object_repr": "mapgb5kv04jb6elpw2294hftwjzdbg81", "action_flag": 3, "change_message": ""}}, {"model": "admin.logentry", "pk": 56, "fields": {"action_time": "2022-03-08T14:25:25.591Z", "user": 1, "content_type": 9, "object_id": "8", "object_repr": "27ytt1vucnagz8myzxnfiw87qss17tbg", "action_flag": 3, "change_message": ""}}, {"model": "admin.logentry", "pk": 57, "fields": {"action_time": "2022-03-08T14:25:25.699Z", "user": 1, "content_type": 9, "object_id": "7", "object_repr": "6k09anv5k12hhqejcn8n31yxunvedw9r", "action_flag": 3, "change_message": ""}}, {"model": "admin.logentry", "pk": 58, "fields": {"action_time": "2022-03-08T14:25:25.799Z", "user": 1, "content_type": 9, "object_id": "6", "object_repr": "rf5aorpd7x3ok78t05ncbolmusxu99id", "action_flag": 3, "change_message": ""}}, {"model": "admin.logentry", "pk": 59, "fields": {"action_time": "2022-03-08T14:31:11.778Z", "user": 1, "content_type": 9, "object_id": "11", "object_repr": "btuk0ltr57b07ryspdgtvr99wzle86ag", "action_flag": 3, "change_message": ""}}, {"model": "admin.logentry", "pk": 60, "fields": {"action_time": "2022-03-08T14:31:11.917Z", "user": 1, "content_type": 9, "object_id": "10", "object_repr": "mk52gv6n6qvp64dthkj0ook3imw412b8", "action_flag": 3, "change_message": ""}}, {"model": "admin.logentry", "pk": 61, "fields": {"action_time": "2022-03-08T14:31:17.156Z", "user": 1, "content_type": 10, "object_id": "40", "object_repr": "CartItem object (40)", "action_flag": 3, "change_message": ""}}, {"model": "admin.logentry", "pk": 62, "fields": {"action_time": "2022-03-08T14:32:12.473Z", "user": 1, "content_type": 9, "object_id": "12", "object_repr": "btuk0ltr57b07ryspdgtvr99wzle86ag", "action_flag": 3, "change_message": ""}}, {"model": "admin.logentry", "pk": 63, "fields": {"action_time": "2022-03-08T14:34:16.714Z", "user": 1, "content_type": 10, "object_id": "48", "object_repr": "CartItem object (48)", "action_flag": 3, "change_message": ""}}, {"model": "admin.logentry", "pk": 64, "fields": {"action_time": "2022-03-08T14:34:16.848Z", "user": 1, "content_type": 10, "object_id": "47", "object_repr": "CartItem object (47)", "action_flag": 3, "change_message": ""}}, {"model": "admin.logentry", "pk": 65, "fields": {"action_time": "2022-03-08T14:34:17.098Z", "user": 1, "content_type": 10, "object_id": "46", "object_repr": "CartItem object (46)", "action_flag": 3, "change_message": ""}}, {"model": "admin.logentry", "pk": 66, "fields": {"action_time": "2022-03-08T14:34:17.237Z", "user": 1, "content_type": 10, "object_id": "45", "object_repr": "CartItem object (45)", "action_flag": 3, "change_message": ""}}, {"model": "admin.logentry", "pk": 67, "fields": {"action_time": "2022-03-08T14:34:17.382Z", "user": 1, "content_type": 10, "object_id": "44", "object_repr": "CartItem object (44)", "action_flag": 3, "change_message": ""}}, {"model": "admin.logentry", "pk": 68, "fields": {"action_time": "2022-03-08T14:34:22.616Z", "user": 1, "content_type": 9, "object_id": "14", "object_repr": "ueae6o7urtikdfcdzhn64j2m4yg4zdjk", "action_flag": 3, "change_message": ""}}, {"model": "admin.logentry", "pk": 69, "fields": {"action_time": "2022-03-08T14:34:22.737Z", "user": 1, "content_type": 9, "object_id": "13", "object_repr": "01jr7guw8h7px54pgvvv6n6pjvut1kp7", "action_flag": 3, "change_message": ""}}, {"model": "admin.logentry", "pk": 70, "fields": {"action_time": "2022-03-08T14:35:12.411Z", "user": 1, "content_type": 9, "object_id": "15", "object_repr": "s12yfjl628fjyhmwgtw1nj0aot8q3dc1", "action_flag": 3, "change_message": ""}}, {"model": "admin.logentry", "pk": 71, "fields": {"action_time": "2022-03-08T14:35:17.677Z", "user": 1, "content_type": 10, "object_id": "49", "object_repr": "CartItem object (49)", "action_flag": 3, "change_message": ""}}, {"model": "admin.logentry", "pk": 72, "fields": {"action_time": "2022-03-08T14:40:24.098Z", "user": 1, "content_type": 9, "object_id": "19", "object_repr": "7xq6my94cryu8eyq2ir46zyn0hpjdub9", "action_flag": 3, "change_message": ""}}, {"model": "admin.logentry", "pk": 73, "fields": {"action_time": "2022-03-08T14:40:24.245Z", "user": 1, "content_type": 9, "object_id": "18", "object_repr": "fnuu9su4ube6qxbmy600uvrprigq2uhl", "action_flag": 3, "change_message": ""}}, {"model": "admin.logentry", "pk": 74, "fields": {"action_time": "2022-03-08T14:40:24.367Z", "user": 1, "content_type": 9, "object_id": "17", "object_repr": "gf4gv5wlqv4dvrl9plcdqkop937k13n1", "action_flag": 3, "change_message": ""}}, {"model": "admin.logentry", "pk": 75, "fields": {"action_time": "2022-03-08T14:40:24.500Z", "user": 1, "content_type": 9, "object_id": "16", "object_repr": "b5wkurjv8anc1aueupfcfo86yccogdoj", "action_flag": 3, "change_message": ""}}, {"model": "admin.logentry", "pk": 76, "fields": {"action_time": "2022-03-08T14:40:29.655Z", "user": 1, "content_type": 10, "object_id": "54", "object_repr": "CartItem object (54)", "action_flag": 3, "change_message": ""}}, {"model": "admin.logentry", "pk": 77, "fields": {"action_time": "2022-03-08T14:41:52.362Z", "user": 1, "content_type": 9, "object_id": "20", "object_repr": "yedngyh4zvw73gsvoz4yxd5kzbsgbm0x", "action_flag": 3, "change_message": ""}}, {"model": "admin.logentry", "pk": 78, "fields": {"action_time": "2022-03-08T14:41:58.090Z", "user": 1, "content_type": 10, "object_id": "59", "object_repr": "CartItem object (59)", "action_flag": 3, "change_message": ""}}, {"model": "admin.logentry", "pk": 79, "fields": {"action_time": "2022-03-08T14:41:58.244Z", "user": 1, "content_type": 10, "object_id": "58", "object_repr": "CartItem object (58)", "action_flag": 3, "change_message": ""}}, {"model": "admin.logentry", "pk": 80, "fields": {"action_time": "2022-03-08T14:41:58.366Z", "user": 1, "content_type": 10, "object_id": "57", "object_repr": "CartItem object (57)", "action_flag": 3, "change_message": ""}}, {"model": "admin.logentry", "pk": 81, "fields": {"action_time": "2022-03-08T14:43:23.505Z", "user": 1, "content_type": 9, "object_id": "21", "object_repr": "yj2cb0qiy449fsh681gy1yvzy39n08jo", "action_flag": 3, "change_message": ""}}, {"model": "admin.logentry", "pk": 82, "fields": {"action_time": "2022-03-08T14:43:28.362Z", "user": 1, "content_type": 10, "object_id": "64", "object_repr": "CartItem object (64)", "action_flag": 3, "change_message": ""}}, {"model": "admin.logentry", "pk": 83, "fields": {"action_time": "2022-03-08T14:43:28.499Z", "user": 1, "content_type": 10, "object_id": "63", "object_repr": "CartItem object (63)", "action_flag": 3, "change_message": ""}}, {"model": "admin.logentry", "pk": 84, "fields": {"action_time": "2022-03-11T08:54:58.780Z", "user": 1, "content_type": 14, "object_id": "14", "object_repr": "Micheal", "action_flag": 3, "change_message": ""}}, {"model": "admin.logentry", "pk": 85, "fields": {"action_time": "2022-03-11T08:54:58.945Z", "user": 1, "content_type": 14, "object_id": "13", "object_repr": "Micheal", "action_flag": 3, "change_message": ""}}, {"model": "admin.logentry", "pk": 86, "fields": {"action_time": "2022-03-11T08:54:59.123Z", "user": 1, "content_type": 14, "object_id": "12", "object_repr": "Micheal", "action_flag": 3, "change_message": ""}}, {"model": "admin.logentry", "pk": 87, "fields": {"action_time": "2022-03-11T08:54:59.256Z", "user": 1, "content_type": 14, "object_id": "11", "object_repr": "Micheal", "action_flag": 3, "change_message": ""}}, {"model": "admin.logentry", "pk": 88, "fields": {"action_time": "2022-03-11T08:54:59.356Z", "user": 1, "content_type": 14, "object_id": "10", "object_repr": "Micheal", "action_flag": 3, "change_message": ""}}, {"model": "admin.logentry", "pk": 89, "fields": {"action_time": "2022-03-11T08:54:59.467Z", "user": 1, "content_type": 14, "object_id": "9", "object_repr": "Micheal", "action_flag": 3, "change_message": ""}}, {"model": "admin.logentry", "pk": 90, "fields": {"action_time": "2022-03-11T08:54:59.600Z", "user": 1, "content_type": 14, "object_id": "8", "object_repr": "Micheal", "action_flag": 3, "change_message": ""}}, {"model": "admin.logentry", "pk": 91, "fields": {"action_time": "2022-03-11T08:54:59.733Z", "user": 1, "content_type": 14, "object_id": "7", "object_repr": "Micheal", "action_flag": 3, "change_message": ""}}, {"model": "admin.logentry", "pk": 92, "fields": {"action_time": "2022-03-11T08:54:59.911Z", "user": 1, "content_type": 14, "object_id": "6", "object_repr": "Micheal", "action_flag": 3, "change_message": ""}}, {"model": "admin.logentry", "pk": 93, "fields": {"action_time": "2022-03-11T08:55:00.022Z", "user": 1, "content_type": 14, "object_id": "5", "object_repr": "Micheal", "action_flag": 3, "change_message": ""}}, {"model": "admin.logentry", "pk": 94, "fields": {"action_time": "2022-03-11T08:55:00.144Z", "user": 1, "content_type": 14, "object_id": "4", "object_repr": "Micheal", "action_flag": 3, "change_message": ""}}, {"model": "admin.logentry", "pk": 95, "fields": {"action_time": "2022-03-11T08:55:00.279Z", "user": 1, "content_type": 14, "object_id": "3", "object_repr": "Micheal", "action_flag": 3, "change_message": ""}}, {"model": "admin.logentry", "pk": 96, "fields": {"action_time": "2022-03-11T08:55:00.457Z", "user": 1, "content_type": 14, "object_id": "2", "object_repr": "Micheal", "action_flag": 3, "change_message": ""}}, {"model": "admin.logentry", "pk": 97, "fields": {"action_time": "2022-03-11T08:55:00.611Z", "user": 1, "content_type": 14, "object_id": "1", "object_repr": "Micheal", "action_flag": 3, "change_message": ""}}, {"model": "admin.logentry", "pk": 98, "fields": {"action_time": "2022-03-11T08:55:08.144Z", "user": 1, "content_type": 12, "object_id": "1", "object_repr": "0KF63025MC5332143", "action_flag": 3, "change_message": ""}}, {"model": "admin.logentry", "pk": 99, "fields": {"action_time": "2022-03-11T08:55:22.466Z", "user": 1, "content_type": 9, "object_id": "37", "object_repr": "i1bk8qbw4k1i2z4mf65vynaljrkz8kil", "action_flag": 3, "change_message": ""}}, {"model": "admin.logentry", "pk": 100, "fields": {"action_time": "2022-03-11T08:55:22.622Z", "user": 1, "content_type": 9, "object_id": "36", "object_repr": "ukfd93r2vaeywlvyu6qx3m9nhfy0xemm", "action_flag": 3, "change_message": ""}}, {"model": "admin.logentry", "pk": 101, "fields": {"action_time": "2022-03-11T08:55:22.745Z", "user": 1, "content_type": 9, "object_id": "35", "object_repr": "gfpysf9vuha315dbcssp9xa6xaa64ao7", "action_flag": 3, "change_message": ""}}, {"model": "admin.logentry", "pk": 102, "fields": {"action_time": "2022-03-11T08:55:22.866Z", "user": 1, "content_type": 9, "object_id": "34", "object_repr": "0lvvswpiflei3q3vp58vqqbrtfx5hzd2", "action_flag": 3, "change_message": ""}}, {"model": "admin.logentry", "pk": 103, "fields": {"action_time": "2022-03-11T08:55:22.989Z", "user": 1, "content_type": 9, "object_id": "33", "object_repr": "igcikhhd7yv7s24prvr9ycbzq57lq6d5", "action_flag": 3, "change_message": ""}}, {"model": "admin.logentry", "pk": 104, "fields": {"action_time": "2022-03-11T08:55:23.100Z", "user": 1, "content_type": 9, "object_id": "32", "object_repr": "ic6eb2f38vvdtgigyiug9h8k7b9ankl7", "action_flag": 3, "change_message": ""}}, {"model": "admin.logentry", "pk": 105, "fields": {"action_time": "2022-03-11T08:55:23.245Z", "user": 1, "content_type": 9, "object_id": "31", "object_repr": "ya5kzksep5auyuosyqdh3te23ofjl33g", "action_flag": 3, "change_message": ""}}, {"model": "admin.logentry", "pk": 106, "fields": {"action_time": "2022-03-11T08:55:23.356Z", "user": 1, "content_type": 9, "object_id": "30", "object_repr": "udze90yilvlb4s2t6t8q8k8528wis0d2", "action_flag": 3, "change_message": ""}}, {"model": "admin.logentry", "pk": 107, "fields": {"action_time": "2022-03-11T08:55:23.490Z", "user": 1, "content_type": 9, "object_id": "29", "object_repr": "2vmxv7lfjkn986cr2e525fpy478musmz", "action_flag": 3, "change_message": ""}}, {"model": "admin.logentry", "pk": 108, "fields": {"action_time": "2022-03-11T08:55:23.645Z", "user": 1, "content_type": 9, "object_id": "28", "object_repr": "9c7y4jt11mppbjcnkbpua0sw6geom23y", "action_flag": 3, "change_message": ""}}, {"model": "admin.logentry", "pk": 109, "fields": {"action_time": "2022-03-11T08:55:23.812Z", "user": 1, "content_type": 9, "object_id": "27", "object_repr": "9hgzdv1hu0x7mpkp2tfft0jy0zikl2e3", "action_flag": 3, "change_message": ""}}, {"model": "admin.logentry", "pk": 110, "fields": {"action_time": "2022-03-11T08:55:23.974Z", "user": 1, "content_type": 9, "object_id": "26", "object_repr": "9z261l24szii5gjxo75kii9id53l56ca", "action_flag": 3, "change_message": ""}}, {"model": "admin.logentry", "pk": 111, "fields": {"action_time": "2022-03-11T08:55:24.089Z", "user": 1, "content_type": 9, "object_id": "25", "object_repr": "wz0h90e1fawuyeqj51sbe5f65mh5huht", "action_flag": 3, "change_message": ""}}, {"model": "admin.logentry", "pk": 112, "fields": {"action_time": "2022-03-11T08:55:24.200Z", "user": 1, "content_type": 9, "object_id": "24", "object_repr": "qaxffu03zxyu5uvhh2tluuijmtt5ejkh", "action_flag": 3, "change_message": ""}}, {"model": "admin.logentry", "pk": 113, "fields": {"action_time": "2022-03-11T08:55:24.311Z", "user": 1, "content_type": 9, "object_id": "23", "object_repr": "zzj10ptnsvwjnrg71y0h77uyhlbzmrlc", "action_flag": 3, "change_message": ""}}, {"model": "admin.logentry", "pk": 114, "fields": {"action_time": "2022-03-11T08:55:24.422Z", "user": 1, "content_type": 9, "object_id": "22", "object_repr": "5mo3q7j9di67pq4by9qr3q10vuaiwcze", "action_flag": 3, "change_message": ""}}, {"model": "admin.logentry", "pk": 115, "fields": {"action_time": "2022-03-11T08:55:31.997Z", "user": 1, "content_type": 10, "object_id": "93", "object_repr": "CartItem object (93)", "action_flag": 3, "change_message": ""}}, {"model": "admin.logentry", "pk": 116, "fields": {"action_time": "2022-03-12T04:05:14.470Z", "user": 1, "content_type": 15, "object_id": "1", "object_repr": "test review", "action_flag": 2, "change_message": "[{\"changed\": {\"fields\": [\"Rating\"]}}]"}}, {"model": "admin.logentry", "pk": 117, "fields": {"action_time": "2022-03-12T04:05:30.137Z", "user": 1, "content_type": 15, "object_id": "1", "object_repr": "test review", "action_flag": 2, "change_message": "[{\"changed\": {\"fields\": [\"Rating\"]}}]"}}, {"model": "admin.logentry", "pk": 118, "fields": {"action_time": "2022-03-12T04:17:43.704Z", "user": 1, "content_type": 15, "object_id": "2", "object_repr": "This is a nice shirt", "action_flag": 1, "change_message": "[{\"added\": {}}]"}}, {"model": "admin.logentry", "pk": 119, "fields": {"action_time": "2022-03-12T04:18:18.421Z", "user": 1, "content_type": 15, "object_id": "2", "object_repr": "This is a nice shirt", "action_flag": 2, "change_message": "[{\"changed\": {\"fields\": [\"Rating\"]}}]"}}, {"model": "admin.logentry", "pk": 120, "fields": {"action_time": "2022-03-12T05:31:31.618Z", "user": 1, "content_type": 16, "object_id": "1", "object_repr": "3123", "action_flag": 1, "change_message": "[{\"added\": {}}]"}}, {"model": "admin.logentry", "pk": 121, "fields": {"action_time": "2022-03-12T05:32:47.962Z", "user": 1, "content_type": 16, "object_id": "2", "object_repr": "123", "action_flag": 1, "change_message": "[{\"added\": {}}]"}}, {"model": "admin.logentry", "pk": 122, "fields": {"action_time": "2022-03-12T05:44:25.367Z", "user": 1, "content_type": 16, "object_id": "3", "object_repr": "test", "action_flag": 1, "change_message": "[{\"added\": {}}]"}}, {"model": "admin.logentry", "pk": 123, "fields": {"action_time": "2022-03-12T09:11:07.303Z", "user": 1, "content_type": 16, "object_id": "3", "object_repr": "test", "action_flag": 3, "change_message": ""}}, {"model": "admin.logentry", "pk": 124, "fields": {"action_time": "2022-03-12T09:11:07.450Z", "user": 1, "content_type": 16, "object_id": "2", "object_repr": "123", "action_flag": 3, "change_message": ""}}, {"model": "admin.logentry", "pk": 125, "fields": {"action_time": "2022-03-12T09:11:07.585Z", "user": 1, "content_type": 16, "object_id": "1", "object_repr": "Micheal", "action_flag": 3, "change_message": ""}}, {"model": "admin.logentry", "pk": 126, "fields": {"action_time": "2022-03-12T09:12:35.851Z", "user": 1, "content_type": 16, "object_id": "4", "object_repr": "Micheal", "action_flag": 1, "change_message": "[{\"added\": {}}]"}}, {"model": "admin.logentry", "pk": 127, "fields": {"action_time": "2022-03-12T09:14:08.975Z", "user": 1, "content_type": 16, "object_id": "4", "object_repr": "Micheal", "action_flag": 2, "change_message": "[{\"changed\": {\"fields\": [\"Profile picture\"]}}]"}}, {"model": "admin.logentry", "pk": 128, "fields": {"action_time": "2022-03-13T03:35:32.576Z", "user": 1, "content_type": 8, "object_id": "8", "object_repr": "Wrangler Shirt", "action_flag": 2, "change_message": "[{\"added\": {\"name\": \"productgallery\", \"object\": \"Wrangler Shirt\"}}]"}}, {"model": "admin.logentry", "pk": 129, "fields": {"action_time": "2022-03-13T03:36:19.415Z", "user": 1, "content_type": 8, "object_id": "8", "object_repr": "Wrangler Shirt", "action_flag": 3, "change_message": ""}}, {"model": "admin.logentry", "pk": 130, "fields": {"action_time": "2022-03-13T03:37:01.119Z", "user": 1, "content_type": 8, "object_id": "1", "object_repr": "ATX-Jeans", "action_flag": 2, "change_message": "[{\"added\": {\"name\": \"productgallery\", \"object\": \"ATX-Jeans\"}}, {\"added\": {\"name\": \"productgallery\", \"object\": \"ATX-Jeans\"}}, {\"added\": {\"name\": \"productgallery\", \"object\": \"ATX-Jeans\"}}]"}}, {"model": "admin.logentry", "pk": 131, "fields": {"action_time": "2022-03-13T03:37:39.167Z", "user": 1, "content_type": 11, "object_id": "8", "object_repr": "Red", "action_flag": 1, "change_message": "[{\"added\": {}}]"}}, {"model": "admin.logentry", "pk": 132, "fields": {"action_time": "2022-03-13T03:37:48.901Z", "user": 1, "content_type": 11, "object_id": "9", "object_repr": "White", "action_flag": 1, "change_message": "[{\"added\": {}}]"}}, {"model": "admin.logentry", "pk": 133, "fields": {"action_time": "2022-03-13T03:37:55.429Z", "user": 1, "content_type": 11, "object_id": "10", "object_repr": "Green", "action_flag": 1, "change_message": "[{\"added\": {}}]"}}, {"model": "admin.logentry", "pk": 134, "fields": {"action_time": "2022-03-13T03:38:02.027Z", "user": 1, "content_type": 11, "object_id": "11", "object_repr": "small", "action_flag": 1, "change_message": "[{\"added\": {}}]"}}, {"model": "admin.logentry", "pk": 135, "fields": {"action_time": "2022-03-13T03:38:07.674Z", "user": 1, "content_type": 11, "object_id": "12", "object_repr": "medium", "action_flag": 1, "change_message": "[{\"added\": {}}]"}}, {"model": "admin.logentry", "pk": 136, "fields": {"action_time": "2022-03-13T03:38:13.702Z", "user": 1, "content_type": 11, "object_id": "13", "object_repr": "large", "action_flag": 1, "change_message": "[{\"added\": {}}]"}}, {"model": "auth.permission", "pk": 1, "fields": {"name": "Can add log entry", "content_type": 1, "codename": "add_logentry"}}, {"model": "auth.permission", "pk": 2, "fields": {"name": "Can change log entry", "content_type": 1, "codename": "change_logentry"}}, {"model": "auth.permission", "pk": 3, "fields": {"name": "Can delete log entry", "content_type": 1, "codename": "delete_logentry"}}, {"model": "auth.permission", "pk": 4, "fields": {"name": "Can view log entry", "content_type": 1, "codename": "view_logentry"}}, {"model": "auth.permission", "pk": 5, "fields": {"name": "Can add permission", "content_type": 2, "codename": "add_permission"}}, {"model": "auth.permission", "pk": 6, "fields": {"name": "Can change permission", "content_type": 2, "codename": "change_permission"}}, {"model": "auth.permission", "pk": 7, "fields": {"name": "Can delete permission", "content_type": 2, "codename": "delete_permission"}}, {"model": "auth.permission", "pk": 8, "fields": {"name": "Can view permission", "content_type": 2, "codename": "view_permission"}}, {"model": "auth.permission", "pk": 9, "fields": {"name": "Can add group", "content_type": 3, "codename": "add_group"}}, {"model": "auth.permission", "pk": 10, "fields": {"name": "Can change group", "content_type": 3, "codename": "change_group"}}, {"model": "auth.permission", "pk": 11, "fields": {"name": "Can delete group", "content_type": 3, "codename": "delete_group"}}, {"model": "auth.permission", "pk": 12, "fields": {"name": "Can view group", "content_type": 3, "codename": "view_group"}}, {"model": "auth.permission", "pk": 13, "fields": {"name": "Can add content type", "content_type": 4, "codename": "add_contenttype"}}, {"model": "auth.permission", "pk": 14, "fields": {"name": "Can change content type", "content_type": 4, "codename": "change_contenttype"}}, {"model": "auth.permission", "pk": 15, "fields": {"name": "Can delete content type", "content_type": 4, "codename": "delete_contenttype"}}, {"model": "auth.permission", "pk": 16, "fields": {"name": "Can view content type", "content_type": 4, "codename": "view_contenttype"}}, {"model": "auth.permission", "pk": 17, "fields": {"name": "Can add session", "content_type": 5, "codename": "add_session"}}, {"model": "auth.permission", "pk": 18, "fields": {"name": "Can change session", "content_type": 5, "codename": "change_session"}}, {"model": "auth.permission", "pk": 19, "fields": {"name": "Can delete session", "content_type": 5, "codename": "delete_session"}}, {"model": "auth.permission", "pk": 20, "fields": {"name": "Can view session", "content_type": 5, "codename": "view_session"}}, {"model": "auth.permission", "pk": 21, "fields": {"name": "Can add category", "content_type": 6, "codename": "add_category"}}, {"model": "auth.permission", "pk": 22, "fields": {"name": "Can change category", "content_type": 6, "codename": "change_category"}}, {"model": "auth.permission", "pk": 23, "fields": {"name": "Can delete category", "content_type": 6, "codename": "delete_category"}}, {"model": "auth.permission", "pk": 24, "fields": {"name": "Can view category", "content_type": 6, "codename": "view_category"}}, {"model": "auth.permission", "pk": 25, "fields": {"name": "Can add account", "content_type": 7, "codename": "add_account"}}, {"model": "auth.permission", "pk": 26, "fields": {"name": "Can change account", "content_type": 7, "codename": "change_account"}}, {"model": "auth.permission", "pk": 27, "fields": {"name": "Can delete account", "content_type": 7, "codename": "delete_account"}}, {"model": "auth.permission", "pk": 28, "fields": {"name": "Can view account", "content_type": 7, "codename": "view_account"}}, {"model": "auth.permission", "pk": 29, "fields": {"name": "Can add product", "content_type": 8, "codename": "add_product"}}, {"model": "auth.permission", "pk": 30, "fields": {"name": "Can change product", "content_type": 8, "codename": "change_product"}}, {"model": "auth.permission", "pk": 31, "fields": {"name": "Can delete product", "content_type": 8, "codename": "delete_product"}}, {"model": "auth.permission", "pk": 32, "fields": {"name": "Can view product", "content_type": 8, "codename": "view_product"}}, {"model": "auth.permission", "pk": 33, "fields": {"name": "Can add cart", "content_type": 9, "codename": "add_cart"}}, {"model": "auth.permission", "pk": 34, "fields": {"name": "Can change cart", "content_type": 9, "codename": "change_cart"}}, {"model": "auth.permission", "pk": 35, "fields": {"name": "Can delete cart", "content_type": 9, "codename": "delete_cart"}}, {"model": "auth.permission", "pk": 36, "fields": {"name": "Can view cart", "content_type": 9, "codename": "view_cart"}}, {"model": "auth.permission", "pk": 37, "fields": {"name": "Can add cart item", "content_type": 10, "codename": "add_cartitem"}}, {"model": "auth.permission", "pk": 38, "fields": {"name": "Can change cart item", "content_type": 10, "codename": "change_cartitem"}}, {"model": "auth.permission", "pk": 39, "fields": {"name": "Can delete cart item", "content_type": 10, "codename": "delete_cartitem"}}, {"model": "auth.permission", "pk": 40, "fields": {"name": "Can view cart item", "content_type": 10, "codename": "view_cartitem"}}, {"model": "auth.permission", "pk": 41, "fields": {"name": "Can add variation", "content_type": 11, "codename": "add_variation"}}, {"model": "auth.permission", "pk": 42, "fields": {"name": "Can change variation", "content_type": 11, "codename": "change_variation"}}, {"model": "auth.permission", "pk": 43, "fields": {"name": "Can delete variation", "content_type": 11, "codename": "delete_variation"}}, {"model": "auth.permission", "pk": 44, "fields": {"name": "Can view variation", "content_type": 11, "codename": "view_variation"}}, {"model": "auth.permission", "pk": 45, "fields": {"name": "Can add payment", "content_type": 12, "codename": "add_payment"}}, {"model": "auth.permission", "pk": 46, "fields": {"name": "Can change payment", "content_type": 12, "codename": "change_payment"}}, {"model": "auth.permission", "pk": 47, "fields": {"name": "Can delete payment", "content_type": 12, "codename": "delete_payment"}}, {"model": "auth.permission", "pk": 48, "fields": {"name": "Can view payment", "content_type": 12, "codename": "view_payment"}}, {"model": "auth.permission", "pk": 49, "fields": {"name": "Can add order product", "content_type": 13, "codename": "add_orderproduct"}}, {"model": "auth.permission", "pk": 50, "fields": {"name": "Can change order product", "content_type": 13, "codename": "change_orderproduct"}}, {"model": "auth.permission", "pk": 51, "fields": {"name": "Can delete order product", "content_type": 13, "codename": "delete_orderproduct"}}, {"model": "auth.permission", "pk": 52, "fields": {"name": "Can view order product", "content_type": 13, "codename": "view_orderproduct"}}, {"model": "auth.permission", "pk": 53, "fields": {"name": "Can add order", "content_type": 14, "codename": "add_order"}}, {"model": "auth.permission", "pk": 54, "fields": {"name": "Can change order", "content_type": 14, "codename": "change_order"}}, {"model": "auth.permission", "pk": 55, "fields": {"name": "Can delete order", "content_type": 14, "codename": "delete_order"}}, {"model": "auth.permission", "pk": 56, "fields": {"name": "Can view order", "content_type": 14, "codename": "view_order"}}, {"model": "auth.permission", "pk": 57, "fields": {"name": "Can add review rating", "content_type": 15, "codename": "add_reviewrating"}}, {"model": "auth.permission", "pk": 58, "fields": {"name": "Can change review rating", "content_type": 15, "codename": "change_reviewrating"}}, {"model": "auth.permission", "pk": 59, "fields": {"name": "Can delete review rating", "content_type": 15, "codename": "delete_reviewrating"}}, {"model": "auth.permission", "pk": 60, "fields": {"name": "Can view review rating", "content_type": 15, "codename": "view_reviewrating"}}, {"model": "auth.permission", "pk": 61, "fields": {"name": "Can add user profile", "content_type": 16, "codename": "add_userprofile"}}, {"model": "auth.permission", "pk": 62, "fields": {"name": "Can change user profile", "content_type": 16, "codename": "change_userprofile"}}, {"model": "auth.permission", "pk": 63, "fields": {"name": "Can delete user profile", "content_type": 16, "codename": "delete_userprofile"}}, {"model": "auth.permission", "pk": 64, "fields": {"name": "Can view user profile", "content_type": 16, "codename": "view_userprofile"}}, {"model": "auth.permission", "pk": 65, "fields": {"name": "Can add product gallery", "content_type": 17, "codename": "add_productgallery"}}, {"model": "auth.permission", "pk": 66, "fields": {"name": "Can change product gallery", "content_type": 17, "codename": "change_productgallery"}}, {"model": "auth.permission", "pk": 67, "fields": {"name": "Can delete product gallery", "content_type": 17, "codename": "delete_productgallery"}}, {"model": "auth.permission", "pk": 68, "fields": {"name": "Can view product gallery", "content_type": 17, "codename": "view_productgallery"}}, {"model": "contenttypes.contenttype", "pk": 1, "fields": {"app_label": "admin", "model": "logentry"}}, {"model": "contenttypes.contenttype", "pk": 2, "fields": {"app_label": "auth", "model": "permission"}}, {"model": "contenttypes.contenttype", "pk": 3, "fields": {"app_label": "auth", "model": "group"}}, {"model": "contenttypes.contenttype", "pk": 4, "fields": {"app_label": "contenttypes", "model": "contenttype"}}, {"model": "contenttypes.contenttype", "pk": 5, "fields": {"app_label": "sessions", "model": "session"}}, {"model": "contenttypes.contenttype", "pk": 6, "fields": {"app_label": "category", "model": "category"}}, {"model": "contenttypes.contenttype", "pk": 7, "fields": {"app_label": "accounts", "model": "account"}}, {"model": "contenttypes.contenttype", "pk": 8, "fields": {"app_label": "store", "model": "product"}}, {"model": "contenttypes.contenttype", "pk": 9, "fields": {"app_label": "carts", "model": "cart"}}, {"model": "contenttypes.contenttype", "pk": 10, "fields": {"app_label": "carts", "model": "cartitem"}}, {"model": "contenttypes.contenttype", "pk": 11, "fields": {"app_label": "store", "model": "variation"}}, {"model": "contenttypes.contenttype", "pk": 12, "fields": {"app_label": "orders", "model": "payment"}}, {"model": "contenttypes.contenttype", "pk": 13, "fields": {"app_label": "orders", "model": "orderproduct"}}, {"model": "contenttypes.contenttype", "pk": 14, "fields": {"app_label": "orders", "model": "order"}}, {"model": "contenttypes.contenttype", "pk": 15, "fields": {"app_label": "store", "model": "reviewrating"}}, {"model": "contenttypes.contenttype", "pk": 16, "fields": {"app_label": "accounts", "model": "userprofile"}}, {"model": "contenttypes.contenttype", "pk": 17, "fields": {"app_label": "store", "model": "productgallery"}}, {"model": "sessions.session", "pk": "8ygie8cb39j68tk3nn727dum63yupsfx", "fields": {"session_data": ".eJxVjEEOwiAQRe_C2hCm4ggu3fcMZBgGqRpISrsy3l2bdKHb_977LxVoXUpYu8xhSuqiQB1-t0j8kLqBdKd6a5pbXeYp6k3RO-16bEme1939OyjUy7d24rKLHjKJMHuERFkyS7IDEFtOziAOxpwJ0ZB4i5gZjhkiCYI5qfcHIcU47A:1nRE22:5O5cLBZNWIXqGGOnzRvA1VBdh1WEzZxZr_GM56x3wY0", "expire_date": "2022-03-21T14:08:14.759Z"}}, {"model": "sessions.session", "pk": "95yav45rf580p4ef4rvointqr4c6toyw", "fields": {"session_data": ".eJxVjEEOwiAQRe_C2hCm4ggu3fcMZBgGqRpISrsy3l2bdKHb_977LxVoXUpYu8xhSuqiQB1-t0j8kLqBdKd6a5pbXeYp6k3RO-16bEme1939OyjUy7d24rKLHjKJMHuERFkyS7IDEFtOziAOxpwJ0ZB4i5gZjhkiCYI5qfcHIcU47A:1nRVZR:qPg8H4Y8LaZL5JLjEzDPZLHi_5HI6zYlLAQD5EJAnnI", "expire_date": "2022-03-22T08:51:53.814Z"}}, {"model": "sessions.session", "pk": "ficx01l5m6gw8m1ex30zdlsg9xqs5p7z", "fields": {"session_data": "e30:1nTFph:OCkowdfOy4H4gc_5N7XOSEgZqkcI5BCZ9VzPbuun40E", "expire_date": "2022-03-27T04:27:53.786Z"}}, {"model": "sessions.session", "pk": "oky8q5mmz1uieivn9uvye0yngxxrp3s9", "fields": {"session_data": ".eJxVjEEOwiAQRe_C2hCm4ggu3fcMZBgGqRpISrsy3l2bdKHb_977LxVoXUpYu8xhSuqiQB1-t0j8kLqBdKd6a5pbXeYp6k3RO-16bEme1939OyjUy7d24rKLHjKJMHuERFkyS7IDEFtOziAOxpwJ0ZB4i5gZjhkiCYI5qfcHIcU47A:1nSat1:08RTVmz5gqLruuST1hNc1w5Qftj-IT6T0Ztt4R4-jKQ", "expire_date": "2022-03-25T08:44:35.953Z"}}, {"model": "sessions.session", "pk": "pra4wv9li0pn9ov53xb0ntibahw9pfn1", "fields": {"session_data": ".eJxVjEEOwiAQRe_C2hCm4ggu3fcMZBgGqRpISrsy3l2bdKHb_977LxVoXUpYu8xhSuqiQB1-t0j8kLqBdKd6a5pbXeYp6k3RO-16bEme1939OyjUy7d24rKLHjKJMHuERFkyS7IDEFtOziAOxpwJ0ZB4i5gZjhkiCYI5qfcHIcU47A:1nSEWk:Kw1hzZASUny24ZYyd6egiSTPko-9y3dJfJFy0ux5aJI", "expire_date": "2022-03-24T08:52:06.775Z"}}, {"model": "sessions.session", "pk": "tanee24ctpk384evfttt85hgfe9tokcq", "fields": {"session_data": "e30:1nRwFd:Fz6USjFUpi_JWRlKLfYg6TpVDAEnQU-QZthoVAC2tUM", "expire_date": "2022-03-23T13:21:13.730Z"}}, {"model": "sessions.session", "pk": "uupk4ke9gta2oq38mnjyhs9b6srpzucf", "fields": {"session_data": ".eJxVjEEOwiAQRe_C2hCm4ggu3fcMZBgGqRpISrsy3l2bdKHb_977LxVoXUpYu8xhSuqiQB1-t0j8kLqBdKd6a5pbXeYp6k3RO-16bEme1939OyjUy7d24rKLHjKJMHuERFkyS7IDEFtOziAOxpwJ0ZB4i5gZjhkiCYI5qfcHIcU47A:1nSsZN:jsIStiXvBgNz8Aq-urv9yWXMIcjzFL8CjJCcE6X8I6A", "expire_date": "2022-03-26T03:37:29.332Z"}}, {"model": "sessions.session", "pk": "yb8aylesl5mpn6krgt0uxruw2kp58n3d", "fields": {"session_data": "eyJfc2Vzc2lvbl9pbml0X3RpbWVzdGFtcF8iOjE2NDcyNDYxODQuMzE1MDV9:1nTfyq:4qB0dJYomVgwzY07ovoZonauf6UuW90q2I5fyotGptg", "expire_date": "2022-03-28T08:23:04.316Z"}}, {"model": "category.category", "pk": 1, "fields": {"category_name": "Shirts", "slug": "shirts", "description": "This is the demo shirt category", "cat_image": "photos/categories/shirts.jpg"}}, {"model": "category.category", "pk": 2, "fields": {"category_name": "T shirt", "slug": "t-shirt", "description": "This is test description", "cat_image": "photos/categories/tshirts.jpg"}}, {"model": "category.category", "pk": 3, "fields": {"category_name": "Shoes", "slug": "shoes", "description": "This is shoes category", "cat_image": "photos/categories/shoes.png"}}, {"model": "category.category", "pk": 4, "fields": {"category_name": "Jeans", "slug": "jeans", "description": "Jeans category", "cat_image": "photos/categories/jeans.jpg"}}, {"model": "category.category", "pk": 5, "fields": {"category_name": "Jackets", "slug": "jackets", "description": "Jackets category", "cat_image": "photos/categories/jackets.jpg"}}, {"model": "accounts.account", "pk": 1, "fields": {"password": "pbkdf2_sha256$320000$KVCqO9pu8OsawoGhnunbx2$x7ABsj/c523Pgy8mV8uWNUnojMZJrNs3T2eGIFdg6xM=", "first_name": "Admin", "last_name": "Django", "username": "admin", "email": "test@gmail.com", "phone_number": "", "date_joined": "2022-03-05T04:34:39.877Z", "last_login": "2022-03-13T03:29:00.546Z", "is_admin": true, "is_staff": true, "is_active": true, "is_superadmin": true}}, {"model": "accounts.account", "pk": 2, "fields": {"password": "pbkdf2_sha256$320000$DW0tlGiLNnYlxKlb80MGYd$sN2Qmo/T3b036LtowXxPSC3eYU8iMGnRXk6SR+UngPk=", "first_name": "test", "last_name": "user1", "username": "test_user1", "email": "test_user1@gmail.com", "phone_number": "01234556", "date_joined": "2022-03-07T09:56:23.511Z", "last_login": "2022-03-07T09:56:23.511Z", "is_admin": false, "is_staff": false, "is_active": false, "is_superadmin": false}}, {"model": "accounts.account", "pk": 7, "fields": {"password": "pbkdf2_sha256$320000$V5MmUU5pkdtLhjV4ackIVY$lpM4byYBeMv6TLlOXHxuCvm7dBJni+OJS+qnZ2bxTr4=", "first_name": "test", "last_name": "user2", "username": "test1", "email": "test1@gmail.com", "phone_number": "12312312312321321", "date_joined": "2022-03-07T13:15:54.410Z", "last_login": "2022-03-07T13:15:54.410Z", "is_admin": false, "is_staff": false, "is_active": false, "is_superadmin": false}}, {"model": "accounts.account", "pk": 8, "fields": {"password": "pbkdf2_sha256$320000$4Q7JMJbEYVrNEKuHQRJj8d$8q6O1oQS6dj5fKu//rLcPvswIKVdeELJz857yWrxxzU=", "first_name": "123", "last_name": "123", "username": "test2", "email": "test2@gmail.com", "phone_number": "123123131232", "date_joined": "2022-03-07T13:17:48.137Z", "last_login": "2022-03-07T13:30:34.586Z", "is_admin": false, "is_staff": false, "is_active": false, "is_superadmin": false}}, {"model": "accounts.account", "pk": 13, "fields": {"password": "pbkdf2_sha256$320000$dbNFo5luGlzvIGPsPJL4P7$ox0H7bu7CSzGZF5jDYRBXXthNSzWDETT43PXa/juo4I=", "first_name": "Micheal", "last_name": "Porter", "username": "xuanphu0708", "email": "xuanphu0708@gmail.com", "phone_number": "0123456789", "date_joined": "2022-03-07T14:43:32.943Z", "last_login": "2022-03-12T09:56:29.531Z", "is_admin": false, "is_staff": false, "is_active": true, "is_superadmin": false}}, {"model": "accounts.account", "pk": 14, "fields": {"password": "pbkdf2_sha256$320000$JrXY7GIX9z9IR8xeWdRRVz$QOC/bHmjRX4vAWsjF/wvqVq666tRnBuCK/cxbnOdJ6U=", "first_name": "test", "last_name": "user", "username": "cohoichota", "email": "cohoichota@gmail.com", "phone_number": "0146117909", "date_joined": "2022-03-12T09:35:39.509Z", "last_login": "2022-03-12T09:37:19.796Z", "is_admin": false, "is_staff": false, "is_active": true, "is_superadmin": false}}, {"model": "accounts.userprofile", "pk": 4, "fields": {"user": 13, "address_line_1": "C-11-01, iTech Tower, Cyber 6, Jalan Impact", "address_line_2": "KL", "profile_picture": "userprofile/default_vJfwPkb.png", "city": "Cyberjaya", "state": "SL", "country": "Malaysia"}}, {"model": "accounts.userprofile", "pk": 5, "fields": {"user": 14, "address_line_1": "", "address_line_2": "", "profile_picture": "default/default-user.png", "city": "", "state": "", "country": ""}}, {"model": "store.product", "pk": 1, "fields": {"product_name": "ATX-Jeans", "slug": "atx-jeans", "description": "Lorem ipsum dolor sit amet, consectetur adipisicing elit, sed do eiusmod tempor incididunt ut labore et dolore magna aliqua. \r\nUt enim ad minim veniam, quis nostrud exercitation ullamco laboris nisi ut aliquip ex ea commodo consequat.", "price": 199, "images": "photos/products/ATX-Jeans.jpg", "stock": 0, "is_available": true, "category": 4, "created_date": "2022-03-05T09:19:00.496Z", "modified_date": "2022-03-13T03:37:01.110Z"}}, {"model": "store.product", "pk": 2, "fields": {"product_name": "Blue-Shirt", "slug": "blue-shirt", "description": "Lorem ipsum dolor sit amet, consectetur adipisicing elit, sed do eiusmod tempor incididunt ut labore et dolore magna aliqua. \r\nUt enim ad minim veniam, quis nostrud exercitation ullamco laboris nisi ut aliquip ex ea commodo consequat.", "price": 99, "images": "photos/products/Blue-Shirt.jpg", "stock": 184, "is_available": true, "category": 1, "created_date": "2022-03-05T09:19:53.951Z", "modified_date": "2022-03-11T09:40:27.577Z"}}, {"model": "store.product", "pk": 3, "fields": {"product_name": "Great Tshirt", "slug": "great-shirt", "description": "Lorem ipsum dolor sit amet, consectetur adipisicing elit, sed do eiusmod tempor incididunt ut labore et dolore magna aliqua. \r\nUt enim ad minim veniam, quis nostrud exercitation ullamco laboris nisi ut aliquip ex ea commodo consequat.", "price": 119, "images": "photos/products/Great-Tshirt.jpg", "stock": 500, "is_available": true, "category": 2, "created_date": "2022-03-05T09:20:29.533Z", "modified_date": "2022-03-05T10:43:40.374Z"}}, {"model": "store.product", "pk": 4, "fields": {"product_name": "Jordan Basketball Shoes", "slug": "jordan-basketball-shoes", "description": "Lorem ipsum dolor sit amet, consectetur adipisicing elit, sed do eiusmod tempor incididunt ut labore et dolore magna aliqua. \r\nUt enim ad minim veniam, quis nostrud exercitation ullamco laboris nisi ut aliquip ex ea commodo consequat.", "price": 999, "images": "photos/products/jordan-true-flight-basketball-shoes.jpg", "stock": 500, "is_available": true, "category": 3, "created_date": "2022-03-05T09:21:30.635Z", "modified_date": "2022-03-05T09:21:30.635Z"}}, {"model": "store.product", "pk": 5, "fields": {"product_name": "Mavi Jeans", "slug": "mavi-jeans", "description": "Lorem ipsum dolor sit amet, consectetur adipisicing elit, sed do eiusmod tempor incididunt ut labore et dolore magna aliqua. \r\nUt enim ad minim veniam, quis nostrud exercitation ullamco laboris nisi ut aliquip ex ea commodo consequat.", "price": 499, "images": "photos/products/Mavi_jeans.jpg", "stock": 1000, "is_available": true, "category": 4, "created_date": "2022-03-05T09:22:09.410Z", "modified_date": "2022-03-05T09:22:09.411Z"}}, {"model": "store.product", "pk": 6, "fields": {"product_name": "Puma Ferrari Shoes", "slug": "puma-ferrari-shoes", "description": "Lorem ipsum dolor sit amet, consectetur adipisicing elit, sed do eiusmod tempor incididunt ut labore et dolore magna aliqua. \r\nUt enim ad minim veniam, quis nostrud exercitation ullamco laboris nisi ut aliquip ex ea commodo consequat.", "price": 1099, "images": "photos/products/jordan-true-flight-basketball-shoes_W0bdQEu.jpg", "stock": 500, "is_available": true, "category": 3, "created_date": "2022-03-05T09:22:46.281Z", "modified_date": "2022-03-05T09:22:46.281Z"}}, {"model": "store.product", "pk": 7, "fields": {"product_name": "US Polo Assn Jacket", "slug": "us-polo-assn-jacket", "description": "Lorem ipsum dolor sit amet, consectetur adipisicing elit, sed do eiusmod tempor incididunt ut labore et dolore magna aliqua. \r\nUt enim ad minim veniam, quis nostrud exercitation ullamco laboris nisi ut aliquip ex ea commodo consequat.", "price": 899, "images": "photos/products/US-Polo-Assn_Jacket.jpg", "stock": 300, "is_available": true, "category": 5, "created_date": "2022-03-05T09:23:29.836Z", "modified_date": "2022-03-05T09:23:29.836Z"}}, {"model": "store.variation", "pk": 2, "fields": {"product": 2, "variation_category": "color", "variation_value": "White", "is_active": true, "created_date": "2022-03-06T09:00:03.800Z"}}, {"model": "store.variation", "pk": 3, "fields": {"product": 2, "variation_category": "color", "variation_value": "Red", "is_active": true, "created_date": "2022-03-06T09:00:14.871Z"}}, {"model": "store.variation", "pk": 4, "fields": {"product": 2, "variation_category": "color", "variation_value": "Green", "is_active": true, "created_date": "2022-03-06T09:00:23.955Z"}}, {"model": "store.variation", "pk": 5, "fields": {"product": 2, "variation_category": "size", "variation_value": "small", "is_active": true, "created_date": "2022-03-06T09:11:34.351Z"}}, {"model": "store.variation", "pk": 6, "fields": {"product": 2, "variation_category": "size", "variation_value": "medium", "is_active": true, "created_date": "2022-03-06T09:13:40.681Z"}}, {"model": "store.variation", "pk": 7, "fields": {"product": 2, "variation_category": "size", "variation_value": "large", "is_active": true, "created_date": "2022-03-06T09:13:48.145Z"}}, {"model": "store.variation", "pk": 8, "fields": {"product": 1, "variation_category": "color", "variation_value": "Red", "is_active": true, "created_date": "2022-03-13T03:37:39.166Z"}}, {"model": "store.variation", "pk": 9, "fields": {"product": 1, "variation_category": "color", "variation_value": "White", "is_active": true, "created_date": "2022-03-13T03:37:48.899Z"}}, {"model": "store.variation", "pk": 10, "fields": {"product": 1, "variation_category": "color", "variation_value": "Green", "is_active": true, "created_date": "2022-03-13T03:37:55.427Z"}}, {"model": "store.variation", "pk": 11, "fields": {"product": 1, "variation_category": "size", "variation_value": "small", "is_active": true, "created_date": "2022-03-13T03:38:02.025Z"}}, {"model": "store.variation", "pk": 12, "fields": {"product": 1, "variation_category": "size", "variation_value": "medium", "is_active": true, "created_date": "2022-03-13T03:38:07.672Z"}}, {"model": "store.variation", "pk": 13, "fields": {"product": 1, "variation_category": "size", "variation_value": "large", "is_active": true, "created_date": "2022-03-13T03:38:13.700Z"}}, {"model": "store.reviewrating", "pk": 1, "fields": {"product": 2, "user": 13, "subject": "test review", "review": "review test", "rating": 2.5, "ip": "127.0.0.1", "status": true, "created_at": "2022-03-12T03:37:11.142Z", "updated_at": "2022-03-12T04:05:30.135Z"}}, {"model": "store.reviewrating", "pk": 2, "fields": {"product": 2, "user": 13, "subject": "This is a nice shirt", "review": "very nice", "rating": 2.0, "ip": "127.0.0.1", "status": true, "created_at": "2022-03-12T04:17:43.702Z", "updated_at": "2022-03-12T04:18:18.418Z"}}, {"model": "store.productgallery", "pk": 2, "fields": {"product": 1, "image": "store/products/image1.jpg"}}, {"model": "store.productgallery", "pk": 3, "fields": {"product": 1, "image": "store/products/image2.jpg"}}, {"model": "store.productgallery", "pk": 4, "fields": {"product": 1, "image": "store/products/image13.jpg"}}, {"model": "orders.payment", "pk": 2, "fields": {"user": 13, "payment_id": "82B48807G1712490D", "payment_method": "PayPal", "amount_paid": "415.8", "status": "COMPLETED", "created_at": "2022-03-11T08:57:09.594Z"}}, {"model": "orders.payment", "pk": 3, "fields": {"user": 13, "payment_id": "40E258793G1816849", "payment_method": "PayPal", "amount_paid": "103.95", "status": "COMPLETED", "created_at": "2022-03-11T09:09:12.094Z"}}, {"model": "orders.payment", "pk": 4, "fields": {"user": 13, "payment_id": "7782214051344343W", "payment_method": "PayPal", "amount_paid": "103.95", "status": "COMPLETED", "created_at": "2022-03-11T09:22:26.446Z"}}, {"model": "orders.payment", "pk": 5, "fields": {"user": 13, "payment_id": "07P1515639097345M", "payment_method": "PayPal", "amount_paid": "103.95", "status": "COMPLETED", "created_at": "2022-03-11T09:27:05.062Z"}}, {"model": "orders.payment", "pk": 6, "fields": {"user": 13, "payment_id": "83A28187C0862192L", "payment_method": "PayPal", "amount_paid": "935.55", "status": "COMPLETED", "created_at": "2022-03-11T09:40:25.867Z"}}, {"model": "orders.order", "pk": 15, "fields": {"user": 13, "payment": 2, "order_number": "2022031115", "first_name": "Micheal", "last_name": "Porter", "phone": "0146117909", "email": "xuanphu0708@gmail.com", "address_line_1": "1231", "address_line_2": "", "country": "qwe", "state": "Selangor", "city": "KualaLumpur", "order_note": "qweqwewqeqe", "order_total": 415.8, "tax": 19.8, "status": "New", "ip": "127.0.0.1", "is_ordered": true, "created_at": "2022-03-11T08:56:42.471Z", "updated_at": "2022-03-11T08:57:09.803Z"}}, {"model": "orders.order", "pk": 16, "fields": {"user": 13, "payment": 3, "order_number": "2022031116", "first_name": "Micheal", "last_name": "Porter", "phone": "0146117909", "email": "xuanphu0708@gmail.com", "address_line_1": "123", "address_line_2": "", "country": "wefwe", "state": "Selangor", "city": "KualaLumpur", "order_note": "", "order_total": 103.95, "tax": 4.95, "status": "New", "ip": "127.0.0.1", "is_ordered": true, "created_at": "2022-03-11T09:09:01.627Z", "updated_at": "2022-03-11T09:09:12.238Z"}}, {"model": "orders.order", "pk": 17, "fields": {"user": 13, "payment": 4, "order_number": "2022031117", "first_name": "Micheal", "last_name": "Porter", "phone": "0146117909", "email": "xuanphu0708@gmail.com", "address_line_1": "12", "address_line_2": "", "country": "wdqw", "state": "Selangor", "city": "KualaLumpur", "order_note": "qwd", "order_total": 103.95, "tax": 4.95, "status": "New", "ip": "127.0.0.1", "is_ordered": true, "created_at": "2022-03-11T09:21:59.593Z", "updated_at": "2022-03-11T09:22:26.594Z"}}, {"model": "orders.order", "pk": 18, "fields": {"user": 13, "payment": 5, "order_number": "2022031118", "first_name": "Micheal", "last_name": "Porter", "phone": "0146117909", "email": "xuanphu0708@gmail.com", "address_line_1": "Level 11, Manara 1 Sentrum,201, Jalan Tun Sambanthan, Brickfields, 50470 Kuala Lumpur, Wilayah Persekutuan Kuala Lumpur, Malaysia", "address_line_2": "", "country": "qwq", "state": "Selangor", "city": "KualaLumpur", "order_note": "", "order_total": 103.95, "tax": 4.95, "status": "New", "ip": "127.0.0.1", "is_ordered": true, "created_at": "2022-03-11T09:26:53.471Z", "updated_at": "2022-03-11T09:27:05.285Z"}}, {"model": "orders.order", "pk": 19, "fields": {"user": 13, "payment": 6, "order_number": "2022031119", "first_name": "Micheal", "last_name": "Porter", "phone": "0146117909", "email": "xuanphu0708@gmail.com", "address_line_1": "qweqwe", "address_line_2": "", "country": "Malaysia", "state": "Selangor", "city": "KualaLumpur", "order_note": "", "order_total": 935.55, "tax": 44.55, "status": "New", "ip": "127.0.0.1", "is_ordered": true, "created_at": "2022-03-11T09:40:02.622Z", "updated_at": "2022-03-11T09:40:25.997Z"}}, {"model": "orders.orderproduct", "pk": 1, "fields": {"order": 15, "payment": 2, "user": 13, "product": 2, "quantity": 2, "product_price": 99.0, "ordered": true, "created_at": "2022-03-11T08:57:09.961Z", "updated_at": "2022-03-11T08:57:10.332Z", "variations": [2, 5]}}, {"model": "orders.orderproduct", "pk": 2, "fields": {"order": 15, "payment": 2, "user": 13, "product": 2, "quantity": 2, "product_price": 99.0, "ordered": true, "created_at": "2022-03-11T08:57:10.554Z", "updated_at": "2022-03-11T08:57:10.800Z", "variations": [3, 6]}}, {"model": "orders.orderproduct", "pk": 3, "fields": {"order": 16, "payment": 3, "user": 13, "product": 2, "quantity": 1, "product_price": 99.0, "ordered": true, "created_at": "2022-03-11T09:09:12.358Z", "updated_at": "2022-03-11T09:09:12.625Z", "variations": [2, 5]}}, {"model": "orders.orderproduct", "pk": 4, "fields": {"order": 17, "payment": 4, "user": 13, "product": 2, "quantity": 1, "product_price": 99.0, "ordered": true, "created_at": "2022-03-11T09:22:26.766Z", "updated_at": "2022-03-11T09:22:27.040Z", "variations": [2, 5]}}, {"model": "orders.orderproduct", "pk": 5, "fields": {"order": 18, "payment": 5, "user": 13, "product": 2, "quantity": 1, "product_price": 99.0, "ordered": true, "created_at": "2022-03-11T09:27:05.501Z", "updated_at": "2022-03-11T09:27:05.769Z", "variations": [2, 5]}}, {"model": "orders.orderproduct", "pk": 6, "fields": {"order": 19, "payment": 6, "user": 13, "product": 2, "quantity": 2, "product_price": 99.0, "ordered": true, "created_at": "2022-03-11T09:40:26.155Z", "updated_at": "2022-03-11T09:40:26.384Z", "variations": [2, 5]}}, {"model": "orders.orderproduct", "pk": 7, "fields": {"order": 19, "payment": 6, "user": 13, "product": 2, "quantity": 3, "product_price": 99.0, "ordered": true, "created_at": "2022-03-11T09:40:26.605Z", "updated_at": "2022-03-11T09:40:26.984Z", "variations": [2, 6]}}, {"model": "orders.orderproduct", "pk": 8, "fields": {"order": 19, "payment": 6, "user": 13, "product": 2, "quantity": 4, "product_price": 99.0, "ordered": true, "created_at": "2022-03-11T09:40:27.229Z", "updated_at": "2022-03-11T09:40:27.463Z", "variations": [3, 7]}}]